username,password,user_type
lanverra,wanhuayixitest123..,super
qimorix,wanhuayixitest123..,super
brentha,wanhuayixitest123..,super
solmira,wanhuayixitest123..,super
trivonel,wanhuayixitest123..,super
kezarun,wanhuayixitest123..,super
vaneloq,wanhuayixitest123..,super
morzian,wanhuayixitest123..,super
peltrix,wanhuayixitest123..,super
norvexa,wanhuayixitest123..,super
caldrin,wanhuayixitest123..,super
zephira,wanhuayixitest123..,super
torqen,wanhuayixitest123..,super
lymora,wanhuayixitest123..,super
dravik,wanhuayixitest123..,super
fenlora,wanhuayixitest123..,super
quessan,wanhuayixitest123..,super
rivokan,wanhuayixitest123..,super
malther,wanhuayixitest123..,super
xenlumi,wanhuayixitest123..,super
